2024-02-16 14:21:45,https://thequantiumgroup.hire.trakstar.com/
2024-02-16 14:23:03,https://thequantiumgroup.hire.trakstar.com/
2024-02-16 14:33:17,https://thequantiumgroup.hire.trakstar.com/
2024-02-16 14:35:04,https://thequantiumgroup.hire.trakstar.com/
2024-02-16 14:37:34,https://thequantiumgroup.hire.trakstar.com/
2024-02-16 14:38:38,https://thequantiumgroup.hire.trakstar.com/
2024-02-16 14:40:56,https://thequantiumgroup.hire.trakstar.com/
2024-02-16 14:50:19,https://thequantiumgroup.hire.trakstar.com/
2024-02-16 14:56:42,https://thequantiumgroup.hire.trakstar.com/
2024-02-16 15:08:21,https://thequantiumgroup.hire.trakstar.com/
2024-02-16 15:52:53,https://thequantiumgroup.hire.trakstar.com/
2024-02-16 15:53:39,https://thequantiumgroup.hire.trakstar.com/
2024-02-16 15:55:13,https://thequantiumgroup.hire.trakstar.com/
2024-02-16 15:57:48,https://thequantiumgroup.hire.trakstar.com/
2024-02-16 15:58:10,https://thequantiumgroup.hire.trakstar.com/
2024-02-16 15:58:44,https://thequantiumgroup.hire.trakstar.com/
2024-02-16 16:00:11,https://thequantiumgroup.hire.trakstar.com/
2024-02-16 16:01:47,https://thequantiumgroup.hire.trakstar.com/
2024-02-16 16:02:40,https://thequantiumgroup.hire.trakstar.com/
2024-02-16 16:09:16,https://thequantiumgroup.hire.trakstar.com/
2024-02-16 16:09:24,https://thequantiumgroup.hire.trakstar.com/
2024-02-16 16:09:39,https://thequantiumgroup.hire.trakstar.com/
2024-02-16 16:11:34,https://thequantiumgroup.hire.trakstar.com/
2024-02-16 16:14:58,https://thequantiumgroup.hire.trakstar.com/
2024-02-16 16:25:28,https://thequantiumgroup.hire.trakstar.com/
2024-02-16 16:28:43,https://thequantiumgroup.hire.trakstar.com/
2024-02-16 16:28:53,https://thequantiumgroup.hire.trakstar.com/
2024-02-16 16:29:22,https://thequantiumgroup.hire.trakstar.com/
2024-02-16 16:30:03,https://thequantiumgroup.hire.trakstar.com/
2024-02-16 18:30:15,https://thequantiumgroup.hire.trakstar.com/
2024-02-16 18:30:55,https://thequantiumgroup.hire.trakstar.com/
2024-02-16 18:33:14,https://thequantiumgroup.hire.trakstar.com/
2024-02-16 18:35:08,https://thequantiumgroup.hire.trakstar.com/
2024-02-16 18:40:02,https://thequantiumgroup.hire.trakstar.com/
2024-02-16 18:40:36,https://thequantiumgroup.hire.trakstar.com/
2024-02-16 18:47:31,https://thequantiumgroup.hire.trakstar.com/
2024-02-16 18:52:50,https://thequantiumgroup.hire.trakstar.com/
2024-02-16 18:53:26,https://thequantiumgroup.hire.trakstar.com/
2024-02-16 18:54:21,https://thequantiumgroup.hire.trakstar.com/
2024-02-16 18:59:54,https://thequantiumgroup.hire.trakstar.com/
2024-02-16 19:00:27,https://thequantiumgroup.hire.trakstar.com/
2024-02-16 19:02:33,https://thequantiumgroup.hire.trakstar.com/
2024-02-16 19:03:52,https://thequantiumgroup.hire.trakstar.com/
2024-02-16 19:04:45,https://thequantiumgroup.hire.trakstar.com/
2024-02-16 19:05:21,https://thequantiumgroup.hire.trakstar.com/
2024-02-16 19:07:24,https://thequantiumgroup.hire.trakstar.com/
2024-02-16 19:09:05,https://thequantiumgroup.hire.trakstar.com/
2024-02-16 19:09:44,https://thequantiumgroup.hire.trakstar.com/
2024-02-16 19:10:36,https://thequantiumgroup.hire.trakstar.com/
2024-02-16 19:11:00,https://thequantiumgroup.hire.trakstar.com/
2024-02-16 19:11:54,https://thequantiumgroup.hire.trakstar.com/
2024-02-16 19:12:18,https://thequantiumgroup.hire.trakstar.com/
